District,District Name,Subgroup,Valid Tests,Participation Rate,Average English Score,Average Math Score,Average Reading Score,Average Science Score,Average Composite Score,Number Scoring 21 or Higher,Percent Scoring 21 or Higher,Number Scoring Below 19,Percent Scoring Below 19
10,Anderson County,All Students,471,96,18.4,18.4,19.5,19.2,19,165,35,245,52
10,Anderson County,Black/Hispanic/Native American,32,97,17.5,17.4,19.5,18.4,18.3,8,25,19,59.4
10,Anderson County,Economically Disadvantaged,167,95,16.9,17.2,18,17.8,17.6,39,23.4,109,65.3
10,Anderson County,Students with Disabilities,58,97,13.1,15,14,15,14.4,3,5.2,54,93.1
12,Oak Ridge,All Students,326,98,22.3,21.6,23.5,22.6,22.7,187,57.4,95,29.1
12,Oak Ridge,Black/Hispanic/Native American,75,99,18.1,18.6,20.2,19.6,19.3,28,37.3,39,52
12,Oak Ridge,Economically Disadvantaged,83,99,18.3,18.8,20,19.8,19.4,32,38.6,41,49.4
12,Oak Ridge,English Learners,7,*,*,*,*,*,*,*,*,*,*
12,Oak Ridge,Students with Disabilities,36,97,16.4,17,18.9,18.5,17.9,9,25,23,63.9
20,Bedford County,All Students,519,95,18.2,17.8,19,18.9,18.6,168,32.4,278,53.6
20,Bedford County,Black/Hispanic/Native American,200,96,16.1,16.6,17.3,17.6,17.1,37,18.5,140,70
20,Bedford County,Economically Disadvantaged,199,96,16.9,16.9,17.9,17.9,17.6,44,22.1,129,64.8
20,Bedford County,English Learners,40,100,11.9,14.9,13.3,14.7,14,1,2.5,39,97.5
20,Bedford County,Students with Disabilities,48,96,12.7,15.1,14.3,15.2,14.5,2,4.2,46,95.8
30,Benton County,All Students,153,97,18.7,19.1,19.4,19.8,19.4,54,35.3,76,49.7
30,Benton County,Black/Hispanic/Native American,10,100,15.9,17.3,18.7,17.4,17.5,1,10,7,70
30,Benton County,Economically Disadvantaged,65,94,16.7,18,18.2,18.4,17.9,15,23.1,39,60
30,Benton County,English Learners,1,*,*,*,*,*,*,*,*,*,*
30,Benton County,Students with Disabilities,31,97,13.6,16,15.5,16.2,15.5,4,12.9,26,83.9
40,Bledsoe County,All Students,120,100,17.1,17.8,17.8,18.1,17.8,29,24.2,73,60.8
40,Bledsoe County,Black/Hispanic/Native American,8,*,*,*,*,*,*,*,*,*,*
40,Bledsoe County,Economically Disadvantaged,59,100,16.1,16.9,17.5,17.1,17,10,16.9,37,62.7
40,Bledsoe County,English Learners,1,*,*,*,*,*,*,*,*,*,*
40,Bledsoe County,Students with Disabilities,22,100,12.6,15.1,13.7,13.7,13.9,**,**,**,**
50,Blount County,All Students,714,97,19.4,18.9,20,19.5,19.6,273,38.2,353,49.4
50,Blount County,Black/Hispanic/Native American,54,96,16.9,17.6,17.8,18,17.8,14,25.9,36,66.7
50,Blount County,Economically Disadvantaged,214,95,16.4,17,17.5,17.4,17.2,41,19.2,149,69.6
50,Blount County,English Learners,6,*,*,*,*,*,*,*,*,*,*
50,Blount County,Students with Disabilities,77,91,12.2,15.1,13.9,14.1,14,1,1.3,74,96.1
51,Alcoa,All Students,157,100,21.7,20.6,21.9,21.9,21.7,92,58.6,51,32.5
51,Alcoa,Black/Hispanic/Native American,47,100,18.1,18.3,18.4,19.3,18.7,17,36.2,26,55.3
51,Alcoa,Economically Disadvantaged,31,100,16.6,17,17,18.1,17.4,6,19.4,21,67.7
51,Alcoa,English Learners,4,*,*,*,*,*,*,*,*,*,*
51,Alcoa,Students with Disabilities,11,100,16.2,15.8,17.1,17.5,16.8,2,18.2,9,81.8
52,Maryville,All Students,401,100,23.5,23.6,24,23.5,23.8,286,71.3,81,20.2
52,Maryville,Black/Hispanic/Native American,39,100,18.2,19.5,20.6,19.8,19.6,15,38.5,19,48.7
52,Maryville,Economically Disadvantaged,69,100,18.4,18.8,19.5,19.5,19.1,25,36.2,37,53.6
52,Maryville,English Learners,4,*,*,*,*,*,*,*,*,*,*
52,Maryville,Students with Disabilities,45,98,14.4,17,16.4,16.2,16.1,7,15.6,35,77.8
60,Bradley County,All Students,742,100,19,18.8,20.2,19.7,19.6,288,38.8,339,45.7
60,Bradley County,Black/Hispanic/Native American,64,98,16.4,17.4,18.4,17.8,17.7,12,18.8,43,67.2
60,Bradley County,Economically Disadvantaged,245,99,17,17.4,18.3,18.1,17.9,62,25.3,151,61.6
60,Bradley County,English Learners,3,*,*,*,*,*,*,*,*,*,*
60,Bradley County,Students with Disabilities,55,96,13.2,15.2,14.6,14.7,14.6,2,3.6,50,90.9
61,Cleveland,All Students,358,92,19.7,19.1,20.8,20.2,20.1,143,39.9,165,46.1
61,Cleveland,Black/Hispanic/Native American,119,89,15.7,16.6,16.7,17.1,16.7,15,12.6,84,70.6
61,Cleveland,Economically Disadvantaged,153,91,17.1,17.7,18.8,18.5,18.2,40,26.1,95,62.1
61,Cleveland,English Learners,30,86,12.7,15.8,14.4,15.8,14.8,1,3.3,27,90
61,Cleveland,Students with Disabilities,33,80,13.4,15.6,16.1,17.1,15.7,3,9.1,29,87.9
70,Campbell County,All Students,339,94,15.8,16.7,17.7,17.1,17,66,19.5,234,69
70,Campbell County,Black/Hispanic/Native American,8,*,*,*,*,*,*,*,*,*,*
70,Campbell County,Economically Disadvantaged,168,94,15,16.2,16.9,16.4,16.3,24,14.3,128,76.2
70,Campbell County,English Learners,1,*,*,*,*,*,*,*,*,*,*
70,Campbell County,Students with Disabilities,40,91,10.9,14.3,12.9,13.3,13,**,**,**,**
80,Cannon County,All Students,138,99,18.2,18.5,19.2,19.1,18.9,45,32.6,75,54.3
80,Cannon County,Black/Hispanic/Native American,12,92,15,16.3,16.5,16.1,16.1,1,8.3,11,91.7
80,Cannon County,Economically Disadvantaged,46,96,16.7,17.5,17.5,17.5,17.5,10,21.7,32,69.6
80,Cannon County,Students with Disabilities,16,89,12.8,15.6,13.5,14.6,14.3,1,6.3,15,93.8
92,Hollow Rock - Bruceton,All Students,39,100,19.6,18.5,20.3,19,19.5,15,38.5,19,48.7
92,Hollow Rock - Bruceton,Black/Hispanic/Native American,4,*,*,*,*,*,*,*,*,*,*
92,Hollow Rock - Bruceton,Economically Disadvantaged,24,100,17.3,17.4,19,17.4,17.9,7,29.2,14,58.3
92,Hollow Rock - Bruceton,Students with Disabilities,4,*,*,*,*,*,*,*,*,*,*
93,Huntingdon Special School District,All Students,91,98,18.9,18.1,19.8,19.4,19.1,32,35.2,45,49.5
93,Huntingdon Special School District,Black/Hispanic/Native American,22,100,15.5,15.4,15.7,15.8,15.7,1,4.5,20,90.9
93,Huntingdon Special School District,Economically Disadvantaged,38,97,15.6,16.2,16,17.1,16.4,4,10.5,30,78.9
93,Huntingdon Special School District,Students with Disabilities,10,100,12.2,15.1,13.8,14,13.8,**,**,**,**
94,McKenzie,All Students,89,98,19.7,19.8,20.7,20.5,20.4,43,48.3,31,34.8
94,McKenzie,Black/Hispanic/Native American,22,96,19,18.5,20.3,20.1,19.6,11,50,10,45.5
94,McKenzie,Economically Disadvantaged,40,95,17,17.8,17.7,17.9,17.7,10,25,25,62.5
94,McKenzie,English Learners,1,*,*,*,*,*,*,*,*,*,*
94,McKenzie,Students with Disabilities,14,93,10.9,14.6,13.3,13.3,13.1,**,**,**,**
95,South Carroll,All Students,22,96,16.7,16.5,16.9,17.4,17,2,9.1,16,72.7
95,South Carroll,Black/Hispanic/Native American,1,*,*,*,*,*,*,*,*,*,*
95,South Carroll,Economically Disadvantaged,13,100,16.4,16.5,16.8,17.2,16.8,2,15.4,10,76.9
95,South Carroll,Students with Disabilities,2,*,*,*,*,*,*,*,*,*,*
97,West Carroll Sp Dist,All Students,73,92,20.1,18.4,20,20,19.8,29,39.7,35,47.9
97,West Carroll Sp Dist,Black/Hispanic/Native American,13,87,21,18.5,20,20.5,20.2,5,38.5,6,46.2
97,West Carroll Sp Dist,Economically Disadvantaged,38,88,18.8,18.3,19.3,19.6,19.2,16,42.1,19,50
97,West Carroll Sp Dist,Students with Disabilities,11,85,13.6,15.6,15.6,14.7,15.1,1,9.1,10,90.9
100,Carter County,All Students,320,93,17.7,17.5,18.9,18.5,18.3,86,26.9,185,57.8
100,Carter County,Black/Hispanic/Native American,9,*,*,*,*,*,*,*,*,*,*
100,Carter County,Economically Disadvantaged,166,90,16.7,16.7,17.7,17.5,17.3,32,19.3,114,68.7
100,Carter County,Students with Disabilities,43,88,12.8,14.9,14.9,15.5,14.6,**,**,**,**
101,Elizabethton,All Students,179,98,20.2,19.4,20.8,20.1,20.3,85,47.5,77,43
101,Elizabethton,Black/Hispanic/Native American,16,100,15.4,15.3,17,16.2,16.1,1,6.3,15,93.8
101,Elizabethton,Economically Disadvantaged,47,98,16.8,17.6,17.6,18.3,17.7,14,29.8,31,66
101,Elizabethton,Students with Disabilities,19,100,14.5,14.5,15.4,16.2,15.3,**,**,**,**
110,Cheatham County,All Students,445,98,18.9,18.4,20.3,19.6,19.5,169,38,215,48.3
110,Cheatham County,Black/Hispanic/Native American,32,89,15.8,16.6,17.1,17.8,16.9,6,18.8,23,71.9
110,Cheatham County,Economically Disadvantaged,112,94,16.3,16.8,17.8,18,17.4,23,20.5,75,67
110,Cheatham County,English Learners,3,*,*,*,*,*,*,*,*,*,*
110,Cheatham County,Students with Disabilities,51,98,12.9,15.2,15.1,15.8,14.8,1,2,48,94.1
120,Chester County,All Students,195,100,19.6,19.1,19.8,19.2,19.7,77,39.5,88,45.1
120,Chester County,Black/Hispanic/Native American,33,100,16.9,18,17.6,17.9,17.8,7,21.2,20,60.6
120,Chester County,Economically Disadvantaged,70,100,18.2,17.9,17.6,17.8,18.1,19,27.1,42,60
120,Chester County,Students with Disabilities,21,100,14.4,15.4,15,14.9,15.1,1,4.8,18,85.7
130,Claiborne County,All Students,252,93,17.6,18.1,18.9,18.4,18.4,80,31.7,140,55.6
130,Claiborne County,Black/Hispanic/Native American,13,87,20.4,19.3,20,19.2,20,6,46.2,6,46.2
130,Claiborne County,Economically Disadvantaged,104,89,15.6,16.9,17.2,17.1,16.8,16,15.4,73,70.2
130,Claiborne County,Students with Disabilities,30,86,11.5,14.7,13.1,14.4,13.6,1,3.3,28,93.3
140,Clay County,All Students,61,92,18.3,18,17.9,18.2,18.3,15,24.6,37,60.7
140,Clay County,Black/Hispanic/Native American,1,*,*,*,*,*,*,*,*,*,*
140,Clay County,Economically Disadvantaged,26,87,17.3,17,15.9,16.7,17,3,11.5,17,65.4
140,Clay County,Students with Disabilities,10,91,11.8,14.9,13.4,14.8,13.9,**,**,**,**
150,Cocke County,All Students,340,95,17.4,17.6,18.9,18.4,18.2,87,25.6,198,58.2
150,Cocke County,Black/Hispanic/Native American,26,87,14.5,16.2,16.2,16.6,16,3,11.5,17,65.4
150,Cocke County,Economically Disadvantaged,178,95,16.5,16.7,18,17.7,17.4,36,20.2,116,65.2
150,Cocke County,English Learners,2,*,*,*,*,*,*,*,*,*,*
150,Cocke County,Students with Disabilities,31,91,12.6,15,13.9,14.9,14.3,2,6.5,28,90.3
160,Coffee County,All Students,355,98,19.3,18.8,19.9,19.5,19.5,140,39.4,178,50.1
160,Coffee County,Black/Hispanic/Native American,46,98,18.5,19.3,19.5,18.8,19.1,17,37,25,54.3
160,Coffee County,Economically Disadvantaged,125,97,16.3,16.8,17.8,17.6,17.3,28,22.4,89,71.2
160,Coffee County,English Learners,5,*,*,*,*,*,*,*,*,*,*
160,Coffee County,Students with Disabilities,50,98,13.7,15.6,15.4,15.5,15.2,5,10,44,88
162,Tullahoma,All Students,226,98,21.6,20.9,22.3,21.6,21.8,120,53.1,77,34.1
162,Tullahoma,Black/Hispanic/Native American,36,100,17.9,18.1,20.1,19.6,19.1,13,36.1,19,52.8
162,Tullahoma,Economically Disadvantaged,54,100,17.3,17.8,18.6,19.1,18.4,16,29.6,30,55.6
162,Tullahoma,English Learners,2,*,*,*,*,*,*,*,*,*,*
162,Tullahoma,Students with Disabilities,23,100,13.4,15.8,14.8,16.9,15.4,**,**,**,**
170,Crockett County,All Students,202,98,18.6,17.8,20.1,19.3,19.1,69,34.2,108,53.5
170,Crockett County,Black/Hispanic/Native American,60,98,16,16.4,17.5,17.5,17,10,16.7,43,71.7
170,Crockett County,Economically Disadvantaged,94,98,17,16.9,18.9,18.1,17.9,24,25.5,60,63.8
170,Crockett County,English Learners,8,*,*,*,*,*,*,*,*,*,*
170,Crockett County,Students with Disabilities,16,94,11.6,14.8,13.1,15.3,13.6,**,**,**,**
180,Cumberland County,All Students,460,100,19.3,19.6,20.4,19.9,20,186,40.4,213,46.3
180,Cumberland County,Black/Hispanic/Native American,22,100,14.5,16.5,16.9,16.2,16.2,3,13.6,17,77.3
180,Cumberland County,Economically Disadvantaged,164,99,17.1,17.8,18.2,18.2,18,42,25.6,104,63.4
180,Cumberland County,English Learners,6,*,*,*,*,*,*,*,*,*,*
180,Cumberland County,Students with Disabilities,58,98,14,16.1,15.3,16.2,15.6,5,8.6,49,84.5
190,Davidson County,All Students,4307,92,18,17.9,19,18.6,18.5,1259,29.2,2572,59.7
190,Davidson County,Black/Hispanic/Native American,2913,92,16.2,16.7,17.4,17.3,17.1,541,18.6,2049,70.3
190,Davidson County,Economically Disadvantaged,2316,91,15.9,16.7,17.2,17.2,16.9,389,16.8,1682,72.6
190,Davidson County,English Learners,603,87,12.5,15.3,14,15.2,14.4,24,4,558,92.5
190,Davidson County,Students with Disabilities,381,88,13.7,15.4,15.2,15.5,15.1,32,8.4,334,87.7
200,Decatur County,All Students,141,99,18.1,17.9,19.6,19.2,18.8,44,31.2,75,53.2
200,Decatur County,Black/Hispanic/Native American,11,100,15,16.2,15.8,16.5,16.1,1,9.1,9,81.8
200,Decatur County,Economically Disadvantaged,56,98,16.6,17.1,17.6,18.1,17.5,13,23.2,36,64.3
200,Decatur County,English Learners,1,*,*,*,*,*,*,*,*,*,*
200,Decatur County,Students with Disabilities,15,100,11.9,15.3,14.1,15.5,14.3,1,6.7,14,93.3
210,DeKalb County,All Students,167,98,19.2,18.6,20,19.4,19.4,62,37.1,77,46.1
210,DeKalb County,Black/Hispanic/Native American,23,100,16,15.8,17,16.2,16.3,3,13,18,78.3
210,DeKalb County,Economically Disadvantaged,57,98,17.3,17.4,18.2,18,17.9,13,22.8,35,61.4
210,DeKalb County,English Learners,6,*,*,*,*,*,*,*,*,*,*
210,DeKalb County,Students with Disabilities,16,94,13.6,15,15.1,13.6,14.3,**,**,**,**
220,Dickson County,All Students,511,99,20.7,18.9,21.4,20.8,20.6,247,48.3,181,35.4
220,Dickson County,Black/Hispanic/Native American,64,100,17.4,17.1,18.1,18.1,17.8,17,26.6,43,67.2
220,Dickson County,Economically Disadvantaged,143,97,17.8,17.1,18.8,19,18.3,34,23.8,85,59.4
220,Dickson County,English Learners,4,*,*,*,*,*,*,*,*,*,*
220,Dickson County,Students with Disabilities,50,98,13.8,15.5,15.9,16.2,15.4,4,8,44,88
230,Dyer County,All Students,264,99,20.5,19.3,19.8,20.1,20.1,106,40.2,113,42.8
230,Dyer County,Black/Hispanic/Native American,36,97,16.9,16.8,17.1,17.5,17.2,7,19.4,25,69.4
230,Dyer County,Economically Disadvantaged,103,100,18.7,18.1,18.6,18.9,18.7,27,26.2,58,56.3
230,Dyer County,Students with Disabilities,29,97,13.2,15.8,15.2,16.3,15.2,1,3.4,27,93.1
231,Dyersburg,All Students,156,100,21.3,21,21.5,20.9,21.4,78,50,61,39.1
231,Dyersburg,Black/Hispanic/Native American,62,100,16.5,17.8,17.3,17.3,17.3,12,19.4,40,64.5
231,Dyersburg,Economically Disadvantaged,57,100,16.3,17.7,17.1,17,17.2,11,19.3,39,68.4
231,Dyersburg,English Learners,3,*,*,*,*,*,*,*,*,*,*
231,Dyersburg,Students with Disabilities,20,100,14.2,15.8,13.7,15.3,15,1,5,19,95
240,Fayette County Public Schools,All Students,197,97,17,16.7,18.3,17.8,17.6,42,21.3,136,69
240,Fayette County Public Schools,Black/Hispanic/Native American,142,96,15.9,16.2,17.4,17,16.8,23,16.2,110,77.5
240,Fayette County Public Schools,Economically Disadvantaged,127,96,16,16.2,17.1,17.1,16.8,20,15.7,96,75.6
240,Fayette County Public Schools,Students with Disabilities,22,88,11.6,14.8,13.9,14.1,13.7,**,**,**,**
250,Fentress County,All Students,60,95,19.3,18.8,18.7,19.5,19.2,21,35,28,46.7
250,Fentress County,Black/Hispanic/Native American,2,*,*,*,*,*,*,*,*,*,*
250,Fentress County,Economically Disadvantaged,29,97,19.2,19,19,19.2,19.3,10,34.5,13,44.8
250,Fentress County,Students with Disabilities,9,*,*,*,*,*,*,*,*,*,*
260,Franklin County,All Students,334,97,18.2,17.8,18.9,18.9,18.6,104,31.1,177,53
260,Franklin County,Black/Hispanic/Native American,49,94,16,16.9,17.6,17.4,17.1,9,18.4,35,71.4
260,Franklin County,Economically Disadvantaged,113,96,16.4,17,18,17.7,17.4,23,20.4,75,66.4
260,Franklin County,English Learners,7,*,*,*,*,*,*,*,*,*,*
260,Franklin County,Students with Disabilities,34,100,11.5,14.9,13.3,14.2,13.6,1,2.9,33,97.1
271,Humboldt City Schools,All Students,64,96,15.9,16.3,16.8,16.3,16.5,10,15.6,48,75
271,Humboldt City Schools,Black/Hispanic/Native American,57,97,15.1,16.1,16.1,15.8,15.9,7,12.3,47,82.5
271,Humboldt City Schools,Economically Disadvantaged,39,95,15.2,15.8,16.4,15.6,15.9,5,12.8,31,79.5
271,Humboldt City Schools,English Learners,2,*,*,*,*,*,*,*,*,*,*
271,Humboldt City Schools,Students with Disabilities,5,*,*,*,*,*,*,*,*,*,*
272,Milan,All Students,130,96,19.7,19.7,20.7,20.1,20.2,51,39.2,57,43.8
272,Milan,Black/Hispanic/Native American,36,92,16,17,17.3,17.1,17,3,8.3,27,75
272,Milan,Economically Disadvantaged,59,94,18.3,18.7,18.6,18.5,18.7,13,22,35,59.3
272,Milan,English Learners,1,*,*,*,*,*,*,*,*,*,*
272,Milan,Students with Disabilities,17,85,14.1,16.2,16.4,16.1,15.9,1,5.9,14,82.4
273,Trenton,All Students,90,97,20.3,17.8,19.5,18.8,19.3,39,43.3,41,45.6
273,Trenton,Black/Hispanic/Native American,25,100,14.9,15.8,15.3,17.2,15.8,2,8,20,80
273,Trenton,Economically Disadvantaged,47,96,18.5,17.1,18.4,18.4,18.2,14,29.8,25,53.2
273,Trenton,English Learners,3,*,*,*,*,*,*,*,*,*,*
273,Trenton,Students with Disabilities,6,*,*,*,*,*,*,*,*,*,*
274,Bradford,All Students,26,87,21.8,22,21.9,20.9,21.8,16,61.5,4,15.4
274,Bradford,Black/Hispanic/Native American,3,*,*,*,*,*,*,*,*,*,*
274,Bradford,Economically Disadvantaged,4,*,*,*,*,*,*,*,*,*,*
274,Bradford,Students with Disabilities,1,*,*,*,*,*,*,*,*,*,*
275,Gibson Co Sp Dist,All Students,305,100,20.7,20.5,20.6,20.7,20.8,153,50.2,110,36.1
275,Gibson Co Sp Dist,Black/Hispanic/Native American,35,100,15.8,17.1,16.3,17.4,16.8,7,20,27,77.1
275,Gibson Co Sp Dist,Economically Disadvantaged,67,100,16.5,18.2,17.7,18.1,17.9,19,28.4,40,59.7
275,Gibson Co Sp Dist,English Learners,3,*,*,*,*,*,*,*,*,*,*
275,Gibson Co Sp Dist,Students with Disabilities,31,100,13.6,15.8,15.3,16.1,15.4,3,9.7,27,87.1
280,Giles County,All Students,252,96,19.6,18.1,19.7,19.5,19.4,85,33.7,124,49.2
280,Giles County,Black/Hispanic/Native American,50,91,17.2,16.6,17.8,17.8,17.5,7,14,34,68
280,Giles County,Economically Disadvantaged,88,93,18,17.4,18.7,19,18.5,25,28.4,50,56.8
280,Giles County,English Learners,4,*,*,*,*,*,*,*,*,*,*
280,Giles County,Students with Disabilities,18,95,13.1,14.8,14.5,15.3,14.6,1,5.6,17,94.4
290,Grainger County,All Students,226,93,18.3,17.9,19,19.1,18.7,83,36.7,114,50.4
290,Grainger County,Black/Hispanic/Native American,14,100,13.8,16.6,16.9,16.9,16.3,1,7.1,11,78.6
290,Grainger County,Economically Disadvantaged,89,93,16.7,17.1,18,18,17.6,23,25.8,54,60.7
290,Grainger County,English Learners,3,*,*,*,*,*,*,*,*,*,*
290,Grainger County,Students with Disabilities,21,100,11.7,14.5,13.6,14.5,13.7,1,4.8,20,95.2
300,Greene County,All Students,464,100,18.3,18.2,19.2,19.1,18.8,153,33,237,51.1
300,Greene County,Black/Hispanic/Native American,25,96,15.8,16.9,16.6,17.5,16.8,5,20,17,68
300,Greene County,Economically Disadvantaged,169,99,17,17.4,17.9,18.4,17.7,43,25.4,107,63.3
300,Greene County,English Learners,5,*,*,*,*,*,*,*,*,*,*
300,Greene County,Students with Disabilities,59,98,12.7,15.1,14.6,15.5,14.5,1,1.7,52,88.1
301,Greeneville,All Students,204,100,21.1,21.7,22.5,21.9,21.9,116,56.9,52,25.5
301,Greeneville,Black/Hispanic/Native American,37,100,17.1,18.9,19.7,19.2,18.7,12,32.4,18,48.6
301,Greeneville,Economically Disadvantaged,49,100,17.1,18.9,19.4,19.1,18.7,19,38.8,25,51
301,Greeneville,English Learners,2,*,*,*,*,*,*,*,*,*,*
301,Greeneville,Students with Disabilities,19,100,16.4,18.7,17.6,17.9,17.8,4,21.1,11,57.9
310,Grundy County,All Students,129,96,16.6,16.8,17.6,17.5,17.2,25,19.4,87,67.4
310,Grundy County,Black/Hispanic/Native American,2,*,*,*,*,*,*,*,*,*,*
310,Grundy County,Economically Disadvantaged,52,93,15.5,15.9,16.4,16.5,16.3,4,7.7,38,73.1
310,Grundy County,English Learners,1,*,*,*,*,*,*,*,*,*,*
310,Grundy County,Students with Disabilities,18,90,12.4,14.9,14.5,15.7,14.5,1,5.6,17,94.4
320,Hamblen County,All Students,656,99,19.1,19.5,20.3,19.6,19.8,251,38.3,312,47.6
320,Hamblen County,Black/Hispanic/Native American,182,99,17,18.4,18.3,18.5,18.2,49,26.9,113,62.1
320,Hamblen County,Economically Disadvantaged,279,99,17,17.6,18.2,17.7,17.8,65,23.3,178,63.8
320,Hamblen County,English Learners,33,100,12.6,15.6,13.7,15.2,14.5,**,**,**,**
320,Hamblen County,Students with Disabilities,54,100,12.6,15.4,14.4,14.8,14.4,2,3.7,50,92.6
330,Hamilton County,All Students,2662,97,18.8,19.1,20.3,19.8,19.7,1071,40.2,1257,47.2
330,Hamilton County,Black/Hispanic/Native American,1129,96,15.5,16.9,17.2,17.3,16.9,215,19,798,70.7
330,Hamilton County,Economically Disadvantaged,989,96,15.4,16.9,17.3,17.3,16.9,178,18,694,70.2
330,Hamilton County,English Learners,148,93,12.1,15.4,13.9,15.1,14.3,6,4.1,139,93.9
330,Hamilton County,Students with Disabilities,233,96,13.8,15.9,16.2,16.3,15.7,23,9.9,193,82.8
340,Hancock County,All Students,56,100,17.3,17.4,18.8,18.6,18.2,19,33.9,34,60.7
340,Hancock County,Black/Hispanic/Native American,2,*,*,*,*,*,*,*,*,*,*
340,Hancock County,Economically Disadvantaged,33,100,16.1,17.3,17.9,18.2,17.5,10,30.3,23,69.7
340,Hancock County,Students with Disabilities,10,100,10.7,14.7,12.7,15,13.2,**,**,**,**
350,Hardeman County Schools,All Students,227,100,16.6,17.4,17.8,18.2,17.6,54,23.8,150,66.1
350,Hardeman County Schools,Black/Hispanic/Native American,121,99,15.1,16.1,16,16.9,16.2,12,9.9,99,81.8
350,Hardeman County Schools,Economically Disadvantaged,117,99,15,16.3,16.3,17,16.3,11,9.4,94,80.3
350,Hardeman County Schools,Students with Disabilities,14,100,10.8,14.3,13,14.5,13.3,**,**,**,**
360,Hardin County,All Students,211,99,18,17.9,19.3,18.6,18.5,66,31.3,114,54
360,Hardin County,Black/Hispanic/Native American,17,100,13.3,15.1,14.4,16.4,15,1,5.9,14,82.4
360,Hardin County,Economically Disadvantaged,83,100,16.2,16.9,17.6,17.6,17.1,18,21.7,54,65.1
360,Hardin County,Students with Disabilities,27,100,12.1,15.2,15.7,15.1,14.7,2,7.4,24,88.9
370,Hawkins County,All Students,509,95,17.8,18.2,18.9,18.4,18.5,159,31.2,289,56.8
370,Hawkins County,Black/Hispanic/Native American,27,96,16.1,16.6,17.2,17.4,17,4,14.8,20,74.1
370,Hawkins County,Economically Disadvantaged,211,93,16.2,17.1,17.4,17,17.1,43,20.4,149,70.6
370,Hawkins County,English Learners,1,*,*,*,*,*,*,*,*,*,*
370,Hawkins County,Students with Disabilities,60,94,12.5,15.2,14.1,15,14.4,3,5,56,93.3
380,Haywood County,All Students,176,97,15.4,16.4,16.6,16.7,16.4,23,13.1,129,73.3
380,Haywood County,Black/Hispanic/Native American,139,97,14.6,16,16,15.9,15.8,10,7.2,113,81.3
380,Haywood County,Economically Disadvantaged,93,96,13.9,15.5,15.1,15.8,15.2,5,5.4,80,86
380,Haywood County,English Learners,2,*,*,*,*,*,*,*,*,*,*
380,Haywood County,Students with Disabilities,16,100,11.8,14.8,11.9,15.6,13.7,**,**,**,**
390,Henderson County,All Students,300,99,19.5,20.1,20.9,20.4,20.4,132,44,124,41.3
390,Henderson County,Black/Hispanic/Native American,38,100,16.9,17.9,18.2,17.7,17.9,8,21.1,27,71.1
390,Henderson County,Economically Disadvantaged,119,98,17.6,18.2,19.3,18.9,18.7,32,26.9,68,57.1
390,Henderson County,English Learners,1,*,*,*,*,*,*,*,*,*,*
390,Henderson County,Students with Disabilities,39,98,14.3,16.3,17.4,17.2,16.4,6,15.4,31,79.5
400,Henry County,All Students,330,100,20.1,19.4,20.6,20.2,20.2,142,43,146,44.2
400,Henry County,Black/Hispanic/Native American,44,100,16.3,17.2,16.7,18.2,17.4,9,20.5,29,65.9
400,Henry County,Economically Disadvantaged,141,100,18.4,18,19,18.6,18.7,42,29.8,82,58.2
400,Henry County,English Learners,2,*,*,*,*,*,*,*,*,*,*
400,Henry County,Students with Disabilities,44,100,15.1,15.9,15.3,16.4,15.9,4,9.1,38,86.4
410,Hickman County,All Students,205,98,18.9,18.3,19.9,19.7,19.3,74,36.1,107,52.2
410,Hickman County,Black/Hispanic/Native American,14,93,12.4,15.9,14.6,15.8,14.6,1,7.1,13,92.9
410,Hickman County,Economically Disadvantaged,84,98,16.8,17.2,18.1,18.4,17.8,22,26.2,58,69
410,Hickman County,English Learners,3,*,*,*,*,*,*,*,*,*,*
410,Hickman County,Students with Disabilities,35,97,14,16.1,15.9,17.1,15.9,3,8.6,28,80
420,Houston County,All Students,90,99,17.7,18,18.6,18.7,18.4,27,30,53,58.9
420,Houston County,Black/Hispanic/Native American,13,100,15.2,16.6,15.6,17.4,16.3,1,7.7,12,92.3
420,Houston County,Economically Disadvantaged,31,97,15.1,16.3,16.9,16.8,16.5,4,12.9,24,77.4
420,Houston County,Students with Disabilities,12,100,13.9,16.2,16.5,17.2,16.1,2,16.7,10,83.3
430,Humphreys County,All Students,200,99,19.2,18.4,19.6,19.5,19.3,73,36.5,100,50
430,Humphreys County,Black/Hispanic/Native American,17,100,16.8,16,18.2,17.8,17.4,3,17.6,12,70.6
430,Humphreys County,Economically Disadvantaged,65,100,17.3,16.8,18.2,18,17.7,14,21.5,45,69.2
430,Humphreys County,Students with Disabilities,36,100,13.9,15.2,15.2,15.9,15.3,**,**,**,**
440,Jackson County,All Students,79,100,17.9,17.5,18.3,18.4,18.2,21,26.6,50,63.3
440,Jackson County,Black/Hispanic/Native American,3,*,*,*,*,*,*,*,*,*,*
440,Jackson County,Economically Disadvantaged,38,100,16.5,16.7,17.3,17.8,17.2,8,21.1,26,68.4
440,Jackson County,Students with Disabilities,17,100,11.9,15.2,12.9,14.5,13.8,**,**,**,**
450,Jefferson County,All Students,476,97,19.4,19.4,20.3,19.9,19.9,187,39.3,217,45.6
450,Jefferson County,Black/Hispanic/Native American,49,98,16.2,17.2,18.4,18.1,17.7,9,18.4,34,69.4
450,Jefferson County,Economically Disadvantaged,188,97,17.2,18,18.4,18.2,18.1,39,20.7,118,62.8
450,Jefferson County,English Learners,13,93,11.9,15.9,14.2,16.5,14.8,**,**,**,**
450,Jefferson County,Students with Disabilities,37,97,11.7,15.1,13.1,15.1,14,2,5.4,35,94.6
460,Johnson County,All Students,149,99,16.7,17.6,17.9,18.1,17.7,39,26.2,97,65.1
460,Johnson County,Black/Hispanic/Native American,7,*,*,*,*,*,*,*,*,*,*
460,Johnson County,Economically Disadvantaged,67,99,15.2,16.7,16.7,17,16.5,11,16.4,52,77.6
460,Johnson County,English Learners,3,*,*,*,*,*,*,*,*,*,*
460,Johnson County,Students with Disabilities,24,100,13.1,15.4,14.3,15.6,14.8,1,4.2,22,91.7
470,Knox County,All Students,3939,99,20.7,20.2,21.9,21,21.1,1953,49.6,1490,37.8
470,Knox County,Black/Hispanic/Native American,902,98,16.4,17.3,17.8,17.8,17.5,195,21.6,588,65.2
470,Knox County,Economically Disadvantaged,1009,98,16.6,17.3,18.3,18,17.7,246,24.4,647,64.1
470,Knox County,English Learners,155,96,13.6,16.1,15.5,16.4,15.5,17,11,132,85.2
470,Knox County,Students with Disabilities,404,97,14.2,15.8,15.8,16.1,15.6,31,7.7,336,83.2
480,Lake County,All Students,43,100,17.4,17.5,18.5,18.1,18.1,14,32.6,26,60.5
480,Lake County,Black/Hispanic/Native American,14,100,14.9,15.9,16.7,16.9,16.3,1,7.1,11,78.6
480,Lake County,Economically Disadvantaged,33,100,16.4,16.8,17.5,17.5,17.2,7,21.2,23,69.7
480,Lake County,Students with Disabilities,10,100,12.3,15,13.5,13.3,13.6,**,**,**,**
490,Lauderdale County,All Students,271,99,16.5,17.3,17.9,18,17.5,62,22.9,180,66.4
490,Lauderdale County,Black/Hispanic/Native American,139,99,14,16.1,15.6,16.1,15.6,15,10.8,114,82
490,Lauderdale County,Economically Disadvantaged,138,99,14.3,16.1,16.1,16.4,15.9,14,10.1,110,79.7
490,Lauderdale County,English Learners,1,*,*,*,*,*,*,*,*,*,*
490,Lauderdale County,Students with Disabilities,46,96,10.9,14.7,13,14,13.3,1,2.2,44,95.7
500,Lawrence County,All Students,488,98,18.8,18.5,19.3,19.2,19.1,181,37.1,240,49.2
500,Lawrence County,Black/Hispanic/Native American,23,92,16.5,17,16.8,17.5,17.1,5,21.7,16,69.6
500,Lawrence County,Economically Disadvantaged,193,97,16.2,16.9,17.1,17.1,17,40,20.7,131,67.9
500,Lawrence County,English Learners,2,*,*,*,*,*,*,*,*,*,*
500,Lawrence County,Students with Disabilities,64,97,12.3,14.7,13.1,14.5,13.8,2,3.1,61,95.3
510,Lewis County,All Students,104,99,18.8,18,20.2,20,19.4,41,39.4,49,47.1
510,Lewis County,Black/Hispanic/Native American,9,*,*,*,*,*,*,*,*,*,*
510,Lewis County,Economically Disadvantaged,46,100,16.8,17,18.2,18.7,17.8,14,30.4,26,56.5
510,Lewis County,English Learners,3,*,*,*,*,*,*,*,*,*,*
510,Lewis County,Students with Disabilities,6,*,*,*,*,*,*,*,*,*,*
520,Lincoln County,All Students,256,98,20.6,19.5,21.3,20.5,20.6,122,47.7,93,36.3
520,Lincoln County,Black/Hispanic/Native American,19,100,18.3,17.9,18.3,18.7,18.5,3,15.8,9,47.4
520,Lincoln County,Economically Disadvantaged,67,97,18.4,17.8,19.5,19.3,18.9,22,32.8,31,46.3
520,Lincoln County,English Learners,1,*,*,*,*,*,*,*,*,*,*
520,Lincoln County,Students with Disabilities,16,100,13.9,15.2,14.9,15.6,15.1,2,12.5,14,87.5
521,Fayetteville,All Students,83,97,20.1,18.7,21.1,20,20.1,34,41,39,47
521,Fayetteville,Black/Hispanic/Native American,33,100,16.2,16.3,18.1,17.7,17.2,5,15.2,23,69.7
521,Fayetteville,Economically Disadvantaged,28,100,16,16.3,18,17.1,17,3,10.7,21,75
521,Fayetteville,English Learners,1,*,*,*,*,*,*,*,*,*,*
521,Fayetteville,Students with Disabilities,11,100,15.6,16,16.8,17,16.5,2,18.2,8,72.7
530,Loudon County,All Students,210,99,19.7,19.5,20.1,20.1,20,87,41.4,93,44.3
530,Loudon County,Black/Hispanic/Native American,36,97,16.3,17,16.6,17.6,17,5,13.9,28,77.8
530,Loudon County,Economically Disadvantaged,46,100,18.6,18.4,19.9,18.7,19,16,34.8,23,50
530,Loudon County,English Learners,9,*,*,*,*,*,*,*,*,*,*
530,Loudon County,Students with Disabilities,29,97,13.9,16.6,16.5,16.2,15.9,3,10.3,25,86.2
531,Lenoir City,All Students,265,100,19.5,20.3,20.6,20.2,20.3,127,47.9,113,42.6
531,Lenoir City,Black/Hispanic/Native American,55,100,16.1,17.5,17,17.8,17.3,11,20,38,69.1
531,Lenoir City,Economically Disadvantaged,63,100,18.2,19.1,18.4,18.7,18.8,20,31.7,34,54
531,Lenoir City,English Learners,13,100,12.2,15.3,14.3,15.6,14.6,**,**,**,**
531,Lenoir City,Students with Disabilities,27,100,13.8,15.6,15.7,16.3,15.6,3,11.1,23,85.2
540,McMinn County,All Students,462,98,19.6,18.7,19.8,19.6,19.6,173,37.4,227,49.1
540,McMinn County,Black/Hispanic/Native American,66,97,18.2,17.8,18.5,18.5,18.5,20,30.3,40,60.6
540,McMinn County,Economically Disadvantaged,168,97,18,17.5,18.4,18.5,18.3,44,26.2,98,58.3
540,McMinn County,English Learners,1,*,*,*,*,*,*,*,*,*,*
540,McMinn County,Students with Disabilities,50,96,13,15.2,14.4,15.1,14.6,2,4,46,92
550,McNairy County,All Students,334,97,18.8,18.3,19.4,19.3,19.1,120,35.9,162,48.5
550,McNairy County,Black/Hispanic/Native American,32,91,14.5,16.4,16.3,16.7,16,4,12.5,26,81.3
550,McNairy County,Economically Disadvantaged,164,96,17.2,17.5,18,18.3,17.9,42,25.6,101,61.6
550,McNairy County,English Learners,1,*,*,*,*,*,*,*,*,*,*
550,McNairy County,Students with Disabilities,32,94,12,14.8,14.2,14.6,14.1,**,**,**,**
560,Macon County,All Students,236,98,19.8,18.4,19.8,19,19.4,80,33.9,104,44.1
560,Macon County,Black/Hispanic/Native American,25,100,17.8,18.7,18.5,17.8,18.3,8,32,14,56
560,Macon County,Economically Disadvantaged,93,96,18.3,17.6,18.3,18,18.2,22,23.7,49,52.7
560,Macon County,English Learners,2,*,*,*,*,*,*,*,*,*,*
560,Macon County,Students with Disabilities,26,100,12.6,14.4,14,13.9,13.9,**,**,**,**
570,Madison County,All Students,663,96,17.7,17.2,18.3,18,17.9,176,26.5,416,62.7
570,Madison County,Black/Hispanic/Native American,451,95,15.6,16.1,16.5,16.7,16.4,65,14.4,337,74.7
570,Madison County,Economically Disadvantaged,306,95,15.1,15.9,16.1,16.4,16.1,41,13.4,242,79.1
570,Madison County,English Learners,14,78,12.2,14.4,12.7,15.4,13.9,**,**,**,**
570,Madison County,Students with Disabilities,63,90,12.5,14.4,13.8,14.3,13.9,1,1.6,61,96.8
580,Marion County,All Students,255,100,18.9,17.9,19.8,19.5,19.2,89,34.9,124,48.6
580,Marion County,Black/Hispanic/Native American,22,100,17,17.1,18.3,18.1,17.8,6,27.3,12,54.5
580,Marion County,Economically Disadvantaged,109,99,17.1,16.9,18.1,18.4,17.8,28,25.7,69,63.3
580,Marion County,Students with Disabilities,30,100,13.2,15.1,14.4,15.9,14.7,1,3.3,27,90
581,Richard City,All Students,20,95,18.2,19.1,18.9,20,19.2,6,30,13,65
581,Richard City,Black/Hispanic/Native American,3,*,*,*,*,*,*,*,*,*,*
581,Richard City,Economically Disadvantaged,6,*,*,*,*,*,*,*,*,*,*
581,Richard City,Students with Disabilities,2,*,*,*,*,*,*,*,*,*,*
590,Marshall County,All Students,363,99,19.2,18.5,20,19.4,19.4,143,39.4,171,47.1
590,Marshall County,Black/Hispanic/Native American,63,100,16.8,16.8,17.3,17.4,17.3,10,15.9,42,66.7
590,Marshall County,Economically Disadvantaged,107,100,17.9,17.4,18.4,18.5,18.2,33,30.8,60,56.1
590,Marshall County,English Learners,4,*,*,*,*,*,*,*,*,*,*
590,Marshall County,Students with Disabilities,32,100,12.4,14.8,14.1,15.4,14.3,**,**,**,**
600,Maury County,All Students,710,96,18,18.4,19.2,18.8,18.7,231,32.5,377,53.1
600,Maury County,Black/Hispanic/Native American,200,95,14.6,16.5,16.1,16,16,21,10.5,158,79
600,Maury County,Economically Disadvantaged,212,94,15.1,16.7,16.3,16.6,16.3,36,17,159,75
600,Maury County,English Learners,14,93,12.6,16,14.1,15,14.4,**,**,**,**
600,Maury County,Students with Disabilities,87,96,12.6,15.3,13.9,14.4,14.2,5,5.7,81,93.1
610,Meigs County,All Students,128,100,18.7,18.2,19.1,18.2,18.7,43,33.6,62,48.4
610,Meigs County,Black/Hispanic/Native American,12,100,12.8,16.2,15.3,15.3,15,**,**,**,**
610,Meigs County,Economically Disadvantaged,56,100,17.5,17.9,18.2,17.9,18,18,32.1,31,55.4
610,Meigs County,Students with Disabilities,22,100,12.2,15,13.8,14.7,14.1,**,**,**,**
620,Monroe County,All Students,448,96,17.8,18.1,19,18.6,18.6,136,30.4,246,54.9
620,Monroe County,Black/Hispanic/Native American,57,98,14.8,16.1,16.7,16.7,16.2,6,10.5,45,78.9
620,Monroe County,Economically Disadvantaged,159,96,16,16.7,17.7,17.3,17.1,31,19.5,108,67.9
620,Monroe County,English Learners,4,*,*,*,*,*,*,*,*,*,*
620,Monroe County,Students with Disabilities,69,97,12.5,14.9,14.3,15.2,14.4,4,5.8,62,89.9
630,Montgomery County,All Students,2244,95,19.4,19.2,20.7,20,20,940,41.9,1012,45.1
630,Montgomery County,Black/Hispanic/Native American,1010,94,17.3,17.7,18.6,18.3,18.1,268,26.5,611,60.5
630,Montgomery County,Economically Disadvantaged,728,94,16.9,17.4,18.4,18.1,17.9,175,24,466,64
630,Montgomery County,English Learners,33,94,13.6,16.6,15.1,15.6,15.3,2,6.1,30,90.9
630,Montgomery County,Students with Disabilities,234,86,13.4,15.4,14.8,15.2,14.8,8,3.4,213,91
640,Moore County,All Students,55,98,20.5,19.3,21.1,20.9,20.6,25,45.5,23,41.8
640,Moore County,Economically Disadvantaged,10,91,15.9,17.6,17,19.2,17.6,1,10,8,80
640,Moore County,Students with Disabilities,6,*,*,*,*,*,*,*,*,*,*
650,Morgan County,All Students,211,89,15.7,16.2,17.8,16.9,16.8,34,16.1,148,70.1
650,Morgan County,Black/Hispanic/Native American,2,*,*,*,*,*,*,*,*,*,*
650,Morgan County,Economically Disadvantaged,104,83,14.4,15.6,16.7,16.1,15.9,8,7.7,83,79.8
650,Morgan County,Students with Disabilities,26,70,11.9,14.5,15.1,14.3,14.1,1,3.8,24,92.3
660,Obion County,All Students,248,97,19,18.2,19.6,19.4,19.2,88,35.5,125,50.4
660,Obion County,Black/Hispanic/Native American,33,97,14.5,15.7,15.5,17.1,15.8,2,6.1,26,78.8
660,Obion County,Economically Disadvantaged,107,96,16.2,16.7,16.9,17.7,17.1,18,16.8,72,67.3
660,Obion County,English Learners,3,*,*,*,*,*,*,*,*,*,*
660,Obion County,Students with Disabilities,38,100,13.7,15.3,15.3,15.7,15.1,2,5.3,34,89.5
661,Union City,All Students,84,100,22.3,20.5,21.3,21,21.5,39,46.4,28,33.3
661,Union City,Black/Hispanic/Native American,36,100,19,18.7,17.3,18.4,18.5,9,25,18,50
661,Union City,Economically Disadvantaged,33,100,19.3,18.9,18.2,19.2,19.1,10,30.3,18,54.5
661,Union City,English Learners,2,*,*,*,*,*,*,*,*,*,*
661,Union City,Students with Disabilities,5,*,*,*,*,*,*,*,*,*,*
670,Overton County,All Students,197,98,18.9,19.1,20.2,19.6,19.6,76,38.6,97,49.2
670,Overton County,Black/Hispanic/Native American,8,*,*,*,*,*,*,*,*,*,*
670,Overton County,Economically Disadvantaged,76,96,16.8,17.2,17.3,17.4,17.3,13,17.1,54,71.1
670,Overton County,English Learners,1,*,*,*,*,*,*,*,*,*,*
670,Overton County,Students with Disabilities,25,100,12.8,15.1,13.6,15.2,14.3,1,4,23,92
680,Perry County,All Students,68,96,17.7,18.4,19.5,18.7,18.7,20,29.4,36,52.9
680,Perry County,Black/Hispanic/Native American,5,*,*,*,*,*,*,*,*,*,*
680,Perry County,Economically Disadvantaged,34,94,15.4,16.7,16.6,16.8,16.6,4,11.8,24,70.6
680,Perry County,Students with Disabilities,5,*,*,*,*,*,*,*,*,*,*
690,Pickett County,All Students,44,96,21.6,18.5,20.9,19.8,20.4,21,47.7,15,34.1
690,Pickett County,Black/Hispanic/Native American,1,*,*,*,*,*,*,*,*,*,*
690,Pickett County,Economically Disadvantaged,11,92,17.9,16.5,18.2,16.9,17.6,3,27.3,6,54.5
690,Pickett County,Students with Disabilities,3,*,*,*,*,*,*,*,*,*,*
700,Polk County,All Students,162,99,18.3,18.4,19.3,18.4,18.7,46,28.4,92,56.8
700,Polk County,Black/Hispanic/Native American,3,*,*,*,*,*,*,*,*,*,*
700,Polk County,Economically Disadvantaged,63,97,16.9,18,17.5,17.5,17.6,12,19,39,61.9
700,Polk County,Students with Disabilities,21,95,14.1,16,15.8,15.1,15.3,1,4.8,19,90.5
710,Putnam County,All Students,749,96,19.1,19.5,20.8,20.1,20,307,41,327,43.7
710,Putnam County,Black/Hispanic/Native American,131,98,15.8,16.8,17.9,17.7,17.2,25,19.1,88,67.2
710,Putnam County,Economically Disadvantaged,252,94,16.6,17.5,18.5,18,17.8,54,21.4,158,62.7
710,Putnam County,English Learners,33,97,12.6,15.6,14.5,15.7,14.7,4,12.1,29,87.9
710,Putnam County,Students with Disabilities,94,95,13.7,15.9,15.8,15.8,15.4,9,9.6,84,89.4
720,Rhea County,All Students,305,100,18.1,18.7,19.3,19.2,19,101,33.1,153,50.2
720,Rhea County,Black/Hispanic/Native American,32,100,16.6,18.2,17.9,18.7,18,5,15.6,21,65.6
720,Rhea County,Economically Disadvantaged,132,99,16.5,17.8,17.8,18.3,17.8,29,22,81,61.4
720,Rhea County,English Learners,4,*,*,*,*,*,*,*,*,*,*
720,Rhea County,Students with Disabilities,35,100,12.5,15.8,14.6,15.6,14.8,2,5.7,33,94.3
730,Roane County,All Students,436,99,19.4,19.1,20.5,19.6,19.8,174,39.9,198,45.4
730,Roane County,Black/Hispanic/Native American,34,100,17.6,18.2,18.8,18.2,18.3,11,32.4,20,58.8
730,Roane County,Economically Disadvantaged,143,97,17.5,17.8,18.8,18.2,18.2,32,22.4,89,62.2
730,Roane County,English Learners,1,*,*,*,*,*,*,*,*,*,*
730,Roane County,Students with Disabilities,53,96,13.7,15.5,15.8,16.1,15.3,3,5.7,48,90.6
740,Robertson County,All Students,769,92,18.7,19.2,19.9,19.5,19.5,288,37.5,372,48.4
740,Robertson County,Black/Hispanic/Native American,176,88,15.5,17.3,16.9,17.4,16.9,32,18.2,127,72.2
740,Robertson County,Economically Disadvantaged,251,89,16.1,17.4,17.5,17.6,17.3,44,17.5,173,68.9
740,Robertson County,English Learners,28,85,11.8,15,13.5,15.5,14.1,1,3.6,27,96.4
740,Robertson County,Students with Disabilities,99,90,13.1,15.6,14.9,15.6,14.9,7,7.1,87,87.9
750,Rutherford County,All Students,3548,96,20.6,19.7,21.2,20.7,20.7,1643,46.3,1425,40.2
750,Rutherford County,Black/Hispanic/Native American,1256,94,17.6,17.6,18.5,18.3,18.2,324,25.8,770,61.3
750,Rutherford County,Economically Disadvantaged,973,92,17.4,17.5,18.2,18.3,18,240,24.7,607,62.4
750,Rutherford County,English Learners,180,79,13.2,16.1,15,15.9,15.3,10,5.6,160,88.9
750,Rutherford County,Students with Disabilities,261,94,14,15.8,15.7,16.6,15.7,22,8.4,216,82.8
760,Scott County,All Students,195,99,17.1,16.8,18.4,17.6,17.6,45,23.1,125,64.1
760,Scott County,Black/Hispanic/Native American,6,*,*,*,*,*,*,*,*,*,*
760,Scott County,Economically Disadvantaged,116,99,15.6,16.1,17.3,16.7,16.6,18,15.5,85,73.3
760,Scott County,Students with Disabilities,23,100,10.6,14.3,13.3,13.7,13.1,**,**,**,**
761,Oneida,All Students,99,100,18.7,19,20.3,19.6,19.5,29,29.3,45,45.5
761,Oneida,Black/Hispanic/Native American,3,*,*,*,*,*,*,*,*,*,*
761,Oneida,Economically Disadvantaged,21,100,15.8,16.7,17.9,16.4,16.7,1,4.8,15,71.4
761,Oneida,Students with Disabilities,5,*,*,*,*,*,*,*,*,*,*
770,Sequatchie County,All Students,149,98,17.8,18,19.9,19.2,18.9,48,32.2,80,53.7
770,Sequatchie County,Black/Hispanic/Native American,8,*,*,*,*,*,*,*,*,*,*
770,Sequatchie County,Economically Disadvantaged,63,97,16.8,17.4,18.9,18.2,18,15,23.8,40,63.5
770,Sequatchie County,English Learners,1,*,*,*,*,*,*,*,*,*,*
770,Sequatchie County,Students with Disabilities,19,100,13.6,15.4,15.3,16.3,15.4,2,10.5,16,84.2
780,Sevier County,All Students,872,97,19,18.9,20.1,19.6,19.6,340,39,412,47.2
780,Sevier County,Black/Hispanic/Native American,105,93,16.1,17.4,17.2,17.7,17.3,23,21.9,69,65.7
780,Sevier County,Economically Disadvantaged,299,97,16.9,17.4,18.2,18,17.8,77,25.8,184,61.5
780,Sevier County,English Learners,33,92,11.9,14.6,13.6,14.8,13.9,1,3,32,97
780,Sevier County,Students with Disabilities,86,99,12.9,15.4,14.8,15.5,14.7,4,4.7,78,90.7
792,Shelby County,All Students,6114,97,16.5,17,17.6,17.5,17.3,1175,19.2,4297,70.3
792,Shelby County,Black/Hispanic/Native American,5662,97,15.9,16.6,17,17.1,16.8,879,15.5,4184,73.9
792,Shelby County,Economically Disadvantaged,3578,97,15,16.1,16.3,16.5,16.1,375,10.5,2899,81
792,Shelby County,English Learners,344,97,13.4,15.7,14.8,15.6,15,13,3.8,313,91
792,Shelby County,Students with Disabilities,716,96,12.4,15.1,14.1,14.8,14.2,25,3.5,677,94.6
793,Arlington,All Students,462,98,23.1,21.4,24.3,22.6,23,312,67.5,92,19.9
793,Arlington,Black/Hispanic/Native American,112,97,20.5,19.8,22.1,20.6,20.9,52,46.4,40,35.7
793,Arlington,Economically Disadvantaged,37,100,18.1,18.8,20,18.7,19,12,32.4,17,45.9
793,Arlington,English Learners,6,*,*,*,*,*,*,*,*,*,*
793,Arlington,Students with Disabilities,33,100,16.3,17.2,19.2,17.8,17.7,9,27.3,20,60.6
794,Bartlett,All Students,629,98,21.8,20.2,22.4,21.2,21.6,330,52.5,201,32
794,Bartlett,Black/Hispanic/Native American,220,97,19.5,18.6,20.2,19.1,19.5,75,34.1,106,48.2
794,Bartlett,Economically Disadvantaged,92,97,19.5,18.4,20.5,19.3,19.6,31,33.7,42,45.7
794,Bartlett,English Learners,10,100,18.1,17,16.3,17.3,17.4,2,20,7,70
794,Bartlett,Students with Disabilities,40,95,15.8,15.8,16.6,16.4,16.3,5,12.5,31,77.5
795,Collierville,All Students,616,99,25.1,23.5,25.2,23.7,24.6,451,73.2,116,18.8
795,Collierville,Black/Hispanic/Native American,148,98,19.9,19.7,20.4,19.7,20.1,61,41.2,68,45.9
795,Collierville,Economically Disadvantaged,45,98,16,17,17.2,16.9,16.9,6,13.3,33,73.3
795,Collierville,English Learners,11,100,21.3,22.1,20,22.4,21.5,5,45.5,6,54.5
795,Collierville,Students with Disabilities,67,100,17.4,17.2,19,18.2,18.1,21,31.3,41,61.2
796,Germantown,All Students,433,98,26.3,24,26.7,24.7,25.6,358,82.7,43,9.9
796,Germantown,Black/Hispanic/Native American,88,98,22.4,21.3,22.9,21.8,22.3,50,56.8,22,25
796,Germantown,Economically Disadvantaged,39,91,22.2,21.6,23.4,22.7,22.6,24,61.5,10,25.6
796,Germantown,English Learners,4,*,*,*,*,*,*,*,*,*,*
796,Germantown,Students with Disabilities,35,90,19.8,18.2,20.3,19.7,19.7,14,40,17,48.6
798,Millington Municipal Schools,All Students,177,99,18.2,17.9,19.5,19.1,18.8,53,29.9,94,53.1
798,Millington Municipal Schools,Black/Hispanic/Native American,96,100,16.8,17.3,18.2,18.2,17.7,22,22.9,59,61.5
798,Millington Municipal Schools,Economically Disadvantaged,74,100,16.5,17,17.6,17.7,17.3,12,16.2,51,68.9
798,Millington Municipal Schools,English Learners,5,*,*,*,*,*,*,*,*,*,*
798,Millington Municipal Schools,Students with Disabilities,19,100,12.2,15.2,14.1,15.1,14.2,**,**,**,**
800,Smith County,All Students,185,99,18.7,18.7,20.4,19.5,19.5,74,40,91,49.2
800,Smith County,Black/Hispanic/Native American,13,100,14.6,16.3,15.4,17.2,16.1,1,7.7,11,84.6
800,Smith County,Economically Disadvantaged,65,100,17.4,17.4,19,18.5,18.2,22,33.8,43,66.2
800,Smith County,English Learners,2,*,*,*,*,*,*,*,*,*,*
800,Smith County,Students with Disabilities,23,100,11.9,14.4,13.2,14.5,13.7,**,**,**,**
810,Stewart County,All Students,164,94,18.4,19.4,21.2,20.2,20,66,40.2,75,45.7
810,Stewart County,Black/Hispanic/Native American,14,100,18,18.4,21.6,18.7,19.4,5,35.7,7,50
810,Stewart County,Economically Disadvantaged,41,89,16,17.6,18.4,18.4,17.9,8,19.5,27,65.9
810,Stewart County,Students with Disabilities,19,90,12.3,14.9,15.7,14.8,14.6,2,10.5,17,89.5
820,Sullivan County,All Students,666,98,18.6,18.9,20.1,19.7,19.5,256,38.4,313,47
820,Sullivan County,Black/Hispanic/Native American,22,100,16.8,17.3,19,18.9,18.2,5,22.7,12,54.5
820,Sullivan County,Economically Disadvantaged,245,95,16.6,17.4,18.6,18,17.8,63,25.7,146,59.6
820,Sullivan County,English Learners,2,*,*,*,*,*,*,*,*,*,*
820,Sullivan County,Students with Disabilities,90,96,11.8,15.1,14,14.3,14,2,2.2,87,96.7
821,Bristol,All Students,320,97,21.1,20.5,21.7,21.1,21.2,167,52.2,117,36.6
821,Bristol,Black/Hispanic/Native American,32,97,19.1,19.4,20.1,20.4,19.8,16,50,12,37.5
821,Bristol,Economically Disadvantaged,115,96,19.1,19.3,19.9,20,19.7,49,42.6,54,47
821,Bristol,English Learners,2,*,*,*,*,*,*,*,*,*,*
821,Bristol,Students with Disabilities,31,97,12.7,15.9,13.3,15.6,14.6,**,**,**,**
822,Kingsport,All Students,518,98,21.4,21.8,22.6,21.8,22,288,55.6,184,35.5
822,Kingsport,Black/Hispanic/Native American,89,97,17.8,18.4,19,19.2,18.8,32,36,48,53.9
822,Kingsport,Economically Disadvantaged,176,95,17.6,18.4,19.1,18.6,18.6,60,34.1,104,59.1
822,Kingsport,English Learners,2,*,*,*,*,*,*,*,*,*,*
822,Kingsport,Students with Disabilities,80,99,14.5,15.9,15.4,16.2,15.7,5,6.3,68,85
830,Sumner County,All Students,1998,100,20.8,20.1,21.8,20.9,21,987,49.4,724,36.2
830,Sumner County,Black/Hispanic/Native American,440,99,17.7,18,18.9,18.5,18.4,123,28,255,58
830,Sumner County,Economically Disadvantaged,461,99,17.6,18,19,18.6,18.4,129,28,260,56.4
830,Sumner County,English Learners,32,97,13.1,16.8,14.6,15.6,15.2,2,6.3,29,90.6
830,Sumner County,Students with Disabilities,212,97,14.6,16.1,16.2,16.4,16,33,15.6,168,79.2
840,Tipton County,All Students,727,98,20.5,19.8,20.2,20.3,20.3,318,43.7,298,41
840,Tipton County,Black/Hispanic/Native American,194,97,17.3,17.6,17.1,17.9,17.6,41,21.1,128,66
840,Tipton County,Economically Disadvantaged,231,97,17.7,17.7,17.8,18.2,18,53,22.9,143,61.9
840,Tipton County,English Learners,3,*,*,*,*,*,*,*,*,*,*
840,Tipton County,Students with Disabilities,59,88,13.3,15.8,14.5,16.1,15.1,5,8.5,52,88.1
850,Trousdale County,All Students,82,100,19,19.9,20.1,20.5,20,35,42.7,32,39
850,Trousdale County,Black/Hispanic/Native American,16,100,17.3,18.8,19.3,18.9,18.7,6,37.5,8,50
850,Trousdale County,Economically Disadvantaged,35,100,17.1,18.7,17.9,18.7,18.3,9,25.7,21,60
850,Trousdale County,English Learners,1,*,*,*,*,*,*,*,*,*,*
850,Trousdale County,Students with Disabilities,9,*,*,*,*,*,*,*,*,*,*
860,Unicoi County,All Students,174,97,18,18.1,19.7,18.9,18.8,61,35.1,94,54
860,Unicoi County,Black/Hispanic/Native American,27,96,15.3,16.6,15.9,17.6,16.5,4,14.8,21,77.8
860,Unicoi County,Economically Disadvantaged,79,96,15.4,17,17,16.9,16.8,16,20.3,56,70.9
860,Unicoi County,English Learners,6,*,*,*,*,*,*,*,*,*,*
860,Unicoi County,Students with Disabilities,28,100,12.1,15.1,14.6,15.1,14.4,**,**,**,**
870,Union County,All Students,183,99,15.9,16.6,17.7,17.3,17,37,20.2,128,69.9
870,Union County,Black/Hispanic/Native American,5,*,*,*,*,*,*,*,*,*,*
870,Union County,Economically Disadvantaged,85,99,14.8,16,16.6,16.2,16.1,11,12.9,66,77.6
870,Union County,Students with Disabilities,12,100,12.8,15.4,13.8,14.9,14.4,**,**,**,**
880,Van Buren County,All Students,52,95,16.1,17.9,18.1,18.1,17.7,15,28.8,34,65.4
880,Van Buren County,Economically Disadvantaged,26,100,15.1,17,16.5,16.6,16.4,6,23.1,20,76.9
880,Van Buren County,Students with Disabilities,12,100,11.9,14.8,12.5,14,13.5,**,**,**,**
890,Warren County,All Students,441,100,18.6,17.8,19.5,19.3,18.9,152,34.5,233,52.8
890,Warren County,Black/Hispanic/Native American,102,100,15.9,16.3,17.2,17.7,16.9,16,15.7,73,71.6
890,Warren County,Economically Disadvantaged,196,99,16.7,16.6,17.9,17.9,17.4,46,23.5,131,66.8
890,Warren County,English Learners,15,100,13,15.7,14.7,15.9,14.9,**,**,**,**
890,Warren County,Students with Disabilities,57,100,13.5,15.3,15.3,16.7,15.4,3,5.3,50,87.7
900,Washington County,All Students,639,98,20,19.3,20.9,19.9,20.2,267,41.8,278,43.5
900,Washington County,Black/Hispanic/Native American,51,100,17.8,18.3,19.1,18.5,18.6,13,25.5,28,54.9
900,Washington County,Economically Disadvantaged,225,97,17.2,17.4,18.3,17.6,17.8,52,23.1,137,60.9
900,Washington County,English Learners,3,*,*,*,*,*,*,*,*,*,*
900,Washington County,Students with Disabilities,77,97,13.4,15.5,15.2,15.9,15.1,3,3.9,70,90.9
901,Johnson City,All Students,534,97,22.1,22.1,23.4,22.5,22.7,324,60.7,141,26.4
901,Johnson City,Black/Hispanic/Native American,124,97,18,18.7,19.2,19.3,19,43,34.7,60,48.4
901,Johnson City,Economically Disadvantaged,139,95,17.6,18.6,19.4,19.3,18.9,45,32.4,68,48.9
901,Johnson City,English Learners,10,91,15.6,18.3,17.7,17.5,17.4,3,30,7,70
901,Johnson City,Students with Disabilities,45,96,12.8,15.5,16,15.9,15.2,2,4.4,39,86.7
910,Wayne County,All Students,144,97,17.4,17.6,18.3,18.5,18.1,37,25.7,85,59
910,Wayne County,Black/Hispanic/Native American,3,*,*,*,*,*,*,*,*,*,*
910,Wayne County,Economically Disadvantaged,53,96,16.4,16.8,17.2,18,17.2,9,17,36,67.9
910,Wayne County,English Learners,1,*,*,*,*,*,*,*,*,*,*
910,Wayne County,Students with Disabilities,29,91,13.3,15.1,15.3,16,15.1,2,6.9,25,86.2
920,Weakley County,All Students,254,98,20.5,19.5,20.6,20.2,20.4,110,43.3,104,40.9
920,Weakley County,Black/Hispanic/Native American,33,100,17.4,16.7,18,18.1,17.7,5,15.2,21,63.6
920,Weakley County,Economically Disadvantaged,112,99,17.6,18,18.4,18.7,18.3,29,25.9,63,56.3
920,Weakley County,English Learners,2,*,*,*,*,*,*,*,*,*,*
920,Weakley County,Students with Disabilities,32,97,13.9,15.3,14.8,15.8,15.1,1,3.1,29,90.6
930,White County,All Students,241,99,18.5,18.5,18.7,19.2,18.9,70,29,125,51.9
930,White County,Black/Hispanic/Native American,19,100,15.2,15.7,16.3,16.3,16.1,1,5.3,15,78.9
930,White County,Economically Disadvantaged,111,97,17.3,17.3,17.9,18,17.8,20,18,72,64.9
930,White County,English Learners,1,*,*,*,*,*,*,*,*,*,*
930,White County,Students with Disabilities,25,100,14.3,16.3,15.5,16.3,15.8,**,**,**,**
940,Williamson County,All Students,2991,100,25.4,24.2,26.2,24.7,25.3,2352,78.6,373,12.5
940,Williamson County,Black/Hispanic/Native American,423,100,21.1,21,22.5,21.5,21.7,221,52.2,141,33.3
940,Williamson County,Economically Disadvantaged,170,99,19.5,19.6,21.9,20.5,20.5,76,44.7,75,44.1
940,Williamson County,English Learners,36,100,15.2,18.2,16.3,18.4,17.3,7,19.4,27,75
940,Williamson County,Students with Disabilities,207,100,17.8,17.8,19.6,19,18.7,60,29,111,53.6
950,Wilson County,All Students,1541,98,21.6,20.2,22.2,21.3,21.5,829,53.8,494,32.1
950,Wilson County,Black/Hispanic/Native American,271,96,18.5,18,19.2,18.9,18.8,84,31,149,55
950,Wilson County,Economically Disadvantaged,329,96,17.7,17.7,18.8,18.4,18.3,90,27.4,195,59.3
950,Wilson County,English Learners,52,98,15.4,17.6,16.3,16.8,16.6,8,15.4,38,73.1
950,Wilson County,Students with Disabilities,174,96,15.4,16.5,17.1,16.9,16.7,22,12.6,127,73
961,Alvin C York Institute,All Students,130,99,18.9,19.1,20.3,19.8,19.8,57,43.8,55,42.3
961,Alvin C York Institute,Black/Hispanic/Native American,2,*,*,*,*,*,*,*,*,*,*
961,Alvin C York Institute,Economically Disadvantaged,52,100,17.5,17.9,18.6,18.1,18.3,19,36.5,28,53.8
961,Alvin C York Institute,English Learners,1,*,*,*,*,*,*,*,*,*,*
961,Alvin C York Institute,Students with Disabilities,15,100,12.7,15.7,14.7,14.9,14.7,1,6.7,14,93.3
963,Tennessee School for Blind,All Students,3,*,*,*,*,*,*,*,*,*,*
963,Tennessee School for Blind,Students with Disabilities,3,*,*,*,*,*,*,*,*,*,*
964,Tennessee School for the Deaf,All Students,3,*,*,*,*,*,*,*,*,*,*
964,Tennessee School for the Deaf,Students with Disabilities,3,*,*,*,*,*,*,*,*,*,*
970,Department of Children's Services,All Students,30,38,13.6,15.2,14.2,14,14.4,1,3.3,28,93.3
970,Department of Children's Services,Black/Hispanic/Native American,11,33,11.6,14.2,12.5,13,13.1,**,**,**,**
970,Department of Children's Services,Economically Disadvantaged,30,39,13.6,15.2,14.2,14,14.4,1,3.3,28,93.3
970,Department of Children's Services,English Learners,0,*,*,*,*,*,*,*,*,*,*
970,Department of Children's Services,Students with Disabilities,8,*,*,*,*,*,*,*,*,*,*
985,Achievement School District,All Students,260,81,13.2,15.1,14.7,15.1,14.7,9,3.5,239,91.9
985,Achievement School District,Black/Hispanic/Native American,258,81,13.3,15.1,14.7,15.1,14.7,9,3.5,237,91.9
985,Achievement School District,Economically Disadvantaged,227,83,13.2,15.2,14.8,15.2,14.7,7,3.1,209,92.1
985,Achievement School District,English Learners,3,*,*,*,*,*,*,*,*,*,*
985,Achievement School District,Students with Disabilities,46,74,10.8,14.4,12.6,12.9,12.8,**,**,**,**
